{
    "pools": [
        {
            "rolls": 1,
            "entries": [
                {
                    "type": "minecraft:item",
                    "name": "minecraft:warped_fungus_on_a_stick",
                    "functions": [
                        {
                            "function": "set_components",
                            "components": {
                                "minecraft:item_model": "remnants:insomnia_charm",
                                "custom_data": {"remnants.insomnia_charm":1,"remnants.relic":1},
                                "item_name": "{\"italic\":false,\"text\":\"Insomnia Charm\"}",
                                "consumable": {},
                                "food": {"nutrition": 0,"saturation": 0,"can_always_eat": false},
				"max_stack_size": 1,
                                "damage": 0,
                                "max_damage": 445,
                                "repairable": {"items":["phantom_membrane"]}

                            }
                        }
                    ]
                }
            ]
        }
    ]
}