{
    "display": {
        "icon": {
            "id": "suspicious_gravel"
        },
        "title": "It Belongs In a Museum",
        "description": "Obtain a relic of any type"
    },
    "parent": "remnants:root",
    "criteria": {
        "insomnia_charm": {
            "trigger": "inventory_changed",
            "conditions": {
                "items": [
                    {
                        "items": "warped_fungus_on_a_stick",
                        "predicates": {
                            "custom_data": {"remnants.relic":1}
                        }
                    }
                ]
            }
        }
    }
}