{
	"textures": {
		"0": "remnants:item/venus_flytrap",
		"particle": "remnants:item/venus_flytrap"
	},
	"elements": [
		{
			"from": [7, 0, 8],
			"to": [9, 12, 8],
			"rotation": {"angle": 0, "axis": "y", "origin": [7, 0, 8]},
			"faces": {
				"north": {"uv": [0, 8, 1, 14], "texture": "#0"},
				"east": {"uv": [0, 0, 0, 6], "texture": "#0"},
				"south": {"uv": [1, 8, 2, 14], "texture": "#0"},
				"west": {"uv": [0, 0, 0, 6], "texture": "#0"},
				"up": {"uv": [1, 0, 0, 0], "texture": "#0"},
				"down": {"uv": [1, 0, 0, 0], "texture": "#0"}
			}
		},
		{
			"from": [4, 1, 7],
			"to": [8, 1, 9],
			"rotation": {"angle": -22.5, "axis": "z", "origin": [6, 1, 7]},
			"faces": {
				"north": {"uv": [0, 0, 2, 0], "texture": "#0"},
				"east": {"uv": [0, 0, 1, 0], "texture": "#0"},
				"south": {"uv": [0, 0, 2, 0], "texture": "#0"},
				"west": {"uv": [0, 0, 1, 0], "texture": "#0"},
				"up": {"uv": [14, 9, 12, 8], "texture": "#0"},
				"down": {"uv": [14, 9, 12, 10], "texture": "#0"}
			}
		},
		{
			"from": [8, 1, 7],
			"to": [12, 1, 9],
			"rotation": {"angle": 22.5, "axis": "z", "origin": [11, 1, 7]},
			"faces": {
				"north": {"uv": [0, 0, 2, 0], "texture": "#0"},
				"east": {"uv": [0, 0, 1, 0], "texture": "#0"},
				"south": {"uv": [0, 0, 2, 0], "texture": "#0"},
				"west": {"uv": [0, 0, 1, 0], "texture": "#0"},
				"up": {"uv": [12, 13, 10, 12], "texture": "#0"},
				"down": {"uv": [14, 12, 12, 13], "texture": "#0"}
			}
		},
		{
			"from": [3, 12, 3],
			"to": [13, 14, 11],
			"rotation": {"angle": 0, "axis": "y", "origin": [7, 12, 6]},
			"faces": {
				"north": {"uv": [2, 8, 7, 9], "texture": "#0"},
				"east": {"uv": [10, 3, 14, 4], "texture": "#0"},
				"south": {"uv": [7, 8, 12, 9], "texture": "#0"},
				"west": {"uv": [10, 4, 14, 5], "texture": "#0"},
				"up": {"uv": [5, 4, 0, 0], "texture": "#0"},
				"down": {"uv": [5, 4, 0, 8], "texture": "#0"}
			}
		},
		{
			"from": [3, 14, 3],
			"to": [13, 16, 3],
			"rotation": {"angle": 0, "axis": "y", "origin": [7, 14, 6]},
			"faces": {
				"north": {"uv": [10, 0, 15, 1], "texture": "#0"},
				"east": {"uv": [0, 0, 0, 1], "texture": "#0"},
				"south": {"uv": [10, 1, 15, 2], "texture": "#0"},
				"west": {"uv": [0, 0, 0, 1], "texture": "#0"},
				"up": {"uv": [5, 0, 0, 0], "texture": "#0"},
				"down": {"uv": [5, 0, 0, 0], "texture": "#0"}
			}
		},
		{
			"from": [3, 14, 3],
			"to": [3, 16, 11],
			"rotation": {"angle": 0, "axis": "y", "origin": [7, 14, 6]},
			"faces": {
				"north": {"uv": [0, 0, 0, 1], "texture": "#0"},
				"east": {"uv": [7, 10, 11, 11], "texture": "#0"},
				"south": {"uv": [0, 0, 0, 1], "texture": "#0"},
				"west": {"uv": [10, 7, 14, 8], "texture": "#0"},
				"up": {"uv": [0, 4, 0, 0], "texture": "#0"},
				"down": {"uv": [0, 0, 0, 4], "texture": "#0"}
			}
		},
		{
			"from": [13, 14, 3],
			"to": [13, 16, 11],
			"rotation": {"angle": 0, "axis": "y", "origin": [17, 14, 6]},
			"faces": {
				"north": {"uv": [0, 0, 0, 1], "texture": "#0"},
				"east": {"uv": [2, 11, 6, 12], "texture": "#0"},
				"south": {"uv": [0, 0, 0, 1], "texture": "#0"},
				"west": {"uv": [6, 11, 10, 12], "texture": "#0"},
				"up": {"uv": [0, 4, 0, 0], "texture": "#0"},
				"down": {"uv": [0, 0, 0, 4], "texture": "#0"}
			}
		},
		{
			"from": [3, 17, 4],
			"to": [13, 19, 12],
			"rotation": {"angle": 45, "axis": "x", "origin": [7, 17, 7]},
			"faces": {
				"north": {"uv": [2, 9, 7, 10], "texture": "#0"},
				"east": {"uv": [10, 5, 14, 6], "texture": "#0"},
				"south": {"uv": [7, 9, 12, 10], "texture": "#0"},
				"west": {"uv": [10, 6, 14, 7], "texture": "#0"},
				"up": {"uv": [10, 4, 5, 0], "texture": "#0"},
				"down": {"uv": [10, 4, 5, 8], "texture": "#0"}
			}
		},
		{
			"from": [3, 15, 4],
			"to": [13, 17, 4],
			"rotation": {"angle": 45, "axis": "x", "origin": [7, 17, 7]},
			"faces": {
				"north": {"uv": [2, 10, 7, 11], "texture": "#0"},
				"east": {"uv": [0, 0, 0, 1], "texture": "#0"},
				"south": {"uv": [10, 2, 15, 3], "texture": "#0"},
				"west": {"uv": [0, 0, 0, 1], "texture": "#0"},
				"up": {"uv": [5, 0, 0, 0], "texture": "#0"},
				"down": {"uv": [5, 0, 0, 0], "texture": "#0"}
			}
		},
		{
			"from": [3, 15, 4],
			"to": [3, 17, 12],
			"rotation": {"angle": 45, "axis": "x", "origin": [7, 17, 7]},
			"faces": {
				"north": {"uv": [0, 0, 0, 1], "texture": "#0"},
				"east": {"uv": [10, 11, 14, 12], "texture": "#0"},
				"south": {"uv": [0, 0, 0, 1], "texture": "#0"},
				"west": {"uv": [11, 10, 15, 11], "texture": "#0"},
				"up": {"uv": [0, 4, 0, 0], "texture": "#0"},
				"down": {"uv": [0, 0, 0, 4], "texture": "#0"}
			}
		},
		{
			"from": [13, 15, 4],
			"to": [13, 17, 12],
			"rotation": {"angle": 45, "axis": "x", "origin": [17, 17, 7]},
			"faces": {
				"north": {"uv": [0, 0, 0, 1], "texture": "#0"},
				"east": {"uv": [2, 12, 6, 13], "texture": "#0"},
				"south": {"uv": [0, 0, 0, 1], "texture": "#0"},
				"west": {"uv": [6, 12, 10, 13], "texture": "#0"},
				"up": {"uv": [0, 4, 0, 0], "texture": "#0"},
				"down": {"uv": [0, 0, 0, 4], "texture": "#0"}
			}
		}
	],
	"display": {}
}