{
    "pools": [
        {
            "rolls": 1,
            "entries": [
                {
                    "name": "poisonous_potato",
                    "type": "item",
                    "functions": [
                        {
                            "function": "set_components",
                            "components": {
                                "minecraft:item_name": "{\"italic\":false,\"text\":\"Pitcher Nectar\"}",
                                "item_model": "remnants:pitcher_nectar",
                                "food": {"nutrition": 2,"saturation": 1,"can_always_eat": true},
                                "consumable": {"consume_seconds": 1.5,"has_consume_particles": true}
                            }
                        }
                    ]
                }
            ]
        }
    ]
}