{
    "type": "minecraft:archaeology",
    "pools": [
      {
        "bonus_rolls": 0,
        "entries": [
          {
            "type": "minecraft:item",
            "name": "minecraft:angler_pottery_sherd"
          },
          {
            "type": "minecraft:item",
            "name": "minecraft:shelter_pottery_sherd"
          },
          {
            "type": "minecraft:item",
            "name": "minecraft:snort_pottery_sherd"
          },
          {
            "type": "minecraft:item",
            "name": "minecraft:sniffer_egg",
            "weight": 2
          },
          {
            "type": "minecraft:item",
            "name": "minecraft:iron_axe",
            "functions": [
              {
                "function": "set_damage",
                "damage": {
                  "max": 65,
                  "min": 0,
                  "type": "uniform"
                }
              }
            ] 
          },
          {
            "type": "minecraft:item",
            "name": "minecraft:emerald",
            "weight": 3
          },
          {
            "type": "minecraft:item",
            "name": "minecraft:wheat",
            "weight": 3
          },
          {
            "type": "minecraft:item",
            "name": "minecraft:wooden_hoe",
            "weight": 3
          },
          {
            "type": "minecraft:item",
            "name": "minecraft:coal",
            "weight": 3
          },
          {
            "type": "minecraft:item",
            "name": "minecraft:gold_nugget",
            "weight": 3
          }
        ],
        "rolls": 1
      }
    ],
    "random_sequence": "minecraft:archaeology/ocean_ruin_warm"
  }