{
    "type": "minecraft:archaeology",
    "pools": [
      {
        "bonus_rolls": 0,
        "entries": [
          {
            "type": "minecraft:item",
            "name": "minecraft:emerald",
            "weight": 5
          },
          {
            "type": "minecraft:item",
            "name": "minecraft:wheat",
            "weight": 5
          },
          {
            "type": "minecraft:item",
            "name": "minecraft:wooden_hoe",
            "weight": 5
          },
          {
            "type": "minecraft:item",
            "name": "minecraft:clay",
            "weight": 5
          },
          {
            "type": "minecraft:item",
            "name": "minecraft:brick",
            "weight": 5
          },
          {
            "type": "minecraft:item",
            "name": "minecraft:gold_nugget",
            "weight": 5
          },
          {
            "type": "minecraft:item",
            "name": "minecraft:coal",
            "weight": 4
          },
          {
            "type": "minecraft:item",
            "name": "minecraft:wheat_seeds",
            "weight": 4
          },
          {
            "type": "minecraft:item",
            "name": "minecraft:beetroot_seeds",
            "weight": 4
          },
          {
            "type": "minecraft:item",
            "name": "minecraft:dead_bush",
            "weight": 4
          },
          {
            "type": "minecraft:item",
            "name": "minecraft:flower_pot",
            "weight": 4
          },
          {
            "type": "minecraft:item",
            "name": "minecraft:string",
            "weight": 4
          },
          {
            "type": "minecraft:item",
            "name": "minecraft:lead",
            "weight": 4
          },
          {
            "type": "minecraft:item",
            "name": "minecraft:iron_nugget",
            "weight": 5
          },
          {
            "type": "minecraft:item",
            "name": "minecraft:iron_ingot",
            "weight": 4
          },
          {
            "type": "minecraft:item",
            "name": "minecraft:diamond",
            "weight": 1
          },
          {
            "type": "minecraft:item",
            "name": "minecraft:ender_pearl",
            "weight": 1
          },
          {
            "type": "minecraft:item",
            "name": "minecraft:nautilus_shell",
            "weight": 1
          }
        ],
        "rolls": 1
      }
    ],
    "random_sequence": "minecraft:archaeology/trail_ruins_common"
  }