{
    "type": "minecraft:generic",
    "pools": [
      {
        "rolls": 1,
        "entries": [
          {
            "type": "minecraft:item",
            "name": "minecraft:pitcher_pod",
            "weight": 2
          },
          {
            "type": "minecraft:item",
            "name": "minecraft:bone_meal",
            "weight": 11,
            "functions": [
              {
                "function": "minecraft:set_count",
                "count": {
                  "type": "minecraft:uniform",
                  "min": 7,
                  "max": 25
                },
                "add": true
              }
            ]
          },
          {
            "type": "item",
            "name": "slime_ball",
            "weight": 6
          },
          {
            "type": "loot_table",
            "value": "remnants:items/pitcher_nectar",
            "weight": 7
          }
        ]
      }
    ]
  }