{
    "type": "minecraft:archaeology",
    "pools": [
      {
        "bonus_rolls": 0,
        "entries": [
          {
            "type": "minecraft:item",
            "name": "minecraft:angler_pottery_sherd",
            "weight": 1
          },
          {
            "type": "minecraft:item",
            "name": "minecraft:shelter_pottery_sherd",
            "weight": 1
          },
          {
            "type": "minecraft:item",
            "name": "minecraft:snort_pottery_sherd",
            "weight": 1
          },
          {
            "type": "item",
            "name": "copper_ingot",
            "weight": 4
          },
          {
            "type": "item",
            "name": "gold_ingot",
            "weight": 4
          },
          {
            "type": "item",
            "name": "iron_block",
            "weight": 1
          },
          {
            "type": "minecraft:item",
            "name": "minecraft:sniffer_egg",
            "weight": 3
          },
          {
            "type": "minecraft:item",
            "name": "minecraft:iron_axe",
            "quality": 5,
            "functions": [
              {
                "function": "set_damage",
                "damage": {
                  "max": 65,
                  "min": 0,
                  "type": "uniform"
                }
              }
            ] 
          },
          {
            "type": "minecraft:item",
            "name": "minecraft:emerald",
            "weight": 5
          },
          {
            "type": "minecraft:item",
            "name": "minecraft:iron_sword",
            "weight": 5,
            "functions": [
              {
                "function": "set_damage",
                "damage": {
                  "min": 10,
                  "max": 75,
                  "type": "uniform"
                }
              }
            ]
          },
          {
            "type": "minecraft:item",
            "name": "minecraft:coal",
            "weight": 5
          },
          {
            "type": "minecraft:item",
            "name": "minecraft:gold_nugget",
            "weight": 5
          }
        ],
        "rolls": 1
      }
    ],
    "random_sequence": "minecraft:archaeology/ocean_ruin_warm"
  }