{
    "type": "minecraft:archaeology",
    "pools": [
      {
        "bonus_rolls": 0,
        "entries": [
          {
            "type": "minecraft:item",
            "name": "minecraft:skull_pottery_sherd",
            "weight": 1
          },
          {
            "type": "minecraft:item",
            "name": "minecraft:heart_pottery_sherd",
            "weight": 1
          },
          {
            "type": "minecraft:item",
            "name": "minecraft:blade_pottery_sherd",
            "weight": 1
          },
          {
            "type": "minecraft:item",
            "name": "minecraft:emerald",
            "weight": 6
          },
          {
            "type": "minecraft:item",
            "name": "minecraft:stone_axe",
            "weight": 6,
            "functions": [
              {
                "function": "set_damage",
                "damage": {
                  "max": 35,
                  "min": 10,
                  "type": "uniform"
                }
              }
            ]
          },
          {
            "type": "minecraft:item",
            "name": "minecraft:gold_nugget",
            "weight": 6
          },
          {
            "type": "minecraft:item",
            "name": "minecraft:coal",
            "weight": 5
          },
          {
            "type": "minecraft:item",
            "name": "minecraft:string",
            "weight": 5
          },
          {
            "type": "minecraft:item",
            "name": "minecraft:lead",
            "weight": 5
          },
          {
            "type": "minecraft:item",
            "name": "minecraft:iron_nugget",
            "weight": 6
          },
          {
            "type": "minecraft:item",
            "name": "minecraft:iron_ingot",
            "weight": 5
          },
          {
            "type": "minecraft:item",
            "name": "minecraft:diamond",
            "weight": 2
          },
          {
            "type": "minecraft:item",
            "name": "minecraft:ender_pearl",
            "weight": 2
          },
          {
            "type": "minecraft:item",
            "name": "minecraft:nautilus_shell",
            "weight": 2
          },
          {
            "type": "loot_table",
            "value": "remnants:items/insomnia_charm",
            "weight": 4
          }
        ],
        "rolls": 1
      }
    ],
    "random_sequence": "minecraft:archaeology/trail_ruins_common"
  }