{
  "ambientocclusion": false,
  "textures": {
      "particle": "remnants:block/torchflower_bottem",
      "0": "remnants:block/torchflower_bottem",
      "1": "remnants:block/torchflower_top"
  },
  "elements": [
      {   "from": [ 0.8, 0, 8 ],
          "to": [ 15.2, 16, 8 ],
          "rotation": { "origin": [ 8, 8, 8 ], "axis": "y", "angle": 45, "rescale": true },
          "shade": false,
          "faces": {
              "north": { "uv": [ 0, 0, 16, 16 ], "texture": "#0" },
              "south": { "uv": [ 0, 0, 16, 16 ], "texture": "#0" }
          }
      },
      {   "from": [ 8, 0, 0.8 ],
          "to": [ 8, 16, 15.2 ],
          "rotation": { "origin": [ 8, 8, 8 ], "axis": "y", "angle": 45, "rescale": true },
          "shade": false,
          "faces": {
              "west": { "uv": [ 0, 0, 16, 16 ], "texture": "#0" },
              "east": { "uv": [ 0, 0, 16, 16 ], "texture": "#0" }
          }
      },
      {   "from": [ 0.8, 0, 8 ],
      "to": [ 15.2, 16, 8 ],
      "rotation": { "origin": [ 8, 8, 8 ], "axis": "y", "angle": 45, "rescale": true },
      "shade": false,
      "faces": {
          "north": { "uv": [ 0, 0, 16, 16 ], "texture": "#1" },
          "south": { "uv": [ 0, 0, 16, 16 ], "texture": "#1" }
      },
      "light_emission": 15
  },
  {   "from": [ 8, 0, 0.8 ],
      "to": [ 8, 16, 15.2 ],
      "rotation": { "origin": [ 8, 8, 8 ], "axis": "y", "angle": 45, "rescale": true },
      "shade": false,
      "faces": {
          "west": { "uv": [ 0, 0, 16, 16 ], "texture": "#1" },
          "east": { "uv": [ 0, 0, 16, 16 ], "texture": "#1" }
      },
      "light_emission": 15
  }
  ]
}
