{
    "parent": "remnants:root",
    "criteria": {
      "obtain_sniffer_egg": {
        "conditions": {
          "items": [
            {
              "items": "minecraft:sniffer_egg"
            }
          ]
        },
        "trigger": "minecraft:inventory_changed"
      }
    },
    "display": {
      "description": {
        "translate": "advancements.husbandry.obtain_sniffer_egg.description"
      },
      "icon": {
        "count": 1,
        "id": "minecraft:sniffer_egg"
      },
      "title": {
        "translate": "advancements.husbandry.obtain_sniffer_egg.title"
      }
    },
    "requirements": [
      [
        "obtain_sniffer_egg"
      ]
    ],
    "sends_telemetry_event": true
  }